,x1,x2,x3,x4,target
0,-1e-05,-0.0001,-0.0001,-0.0001,710156
0,0.0,-0.0301,0.0,-0.0301,708637
0,-0.03001,0.0299,-0.0301,0.0299,675813
0,0.0,-0.0301,0.0,0.0,699449
0,-0.03001,0.0299,-0.0301,-0.0301,665111
0,-0.6382487558922448,-8.052249890465562e-05,-1.2765775117844897,-1.8417003838758457,214662
0,-0.6102771612991399,-0.02805211709200963,-1.2486059171913848,-1.8137287892827407,207801
0,-0.6662203504853498,0.027891072094200317,-1.3045491063775947,-1.8696719784689506,218141
0,-0.6662203504853498,-0.02805211709200963,-1.3045491063775947,-1.8137287892827407,216200
0,-0.6102771612991399,0.027891072094200317,-1.2486059171913848,-1.8696719784689506,208360
0,-0.4622546627020235,-0.7745319776813969,-0.924589325404047,-1.4544746562845996,159638
0,-0.48910390338272636,-0.8013812183620999,-0.95143856608475,-1.4276254156038968,167744
0,-0.4354054220213206,-0.747682737000694,-0.8977400847233441,-1.4813238969653024,150532
0,-0.4354054220213206,-0.747682737000694,-0.95143856608475,-1.4276254156038968,154733
0,-0.48910390338272636,-0.8013812183620999,-0.8977400847233441,-1.4813238969653024,166533
0,-0.3227334588431625,-0.6350107738225359,-0.7163751367140827,-3.1201881658043145,78436
0,-0.29665312204046185,-0.6089304370198353,-0.7424554735167833,-3.0941078290016137,66837
0,-0.3488137956458632,-0.6610911106252365,-0.6902947999113821,-3.146268502607015,90077
0,-0.29665312204046185,-0.6089304370198353,-0.7424554735167833,-3.0941078290016137,66837
0,-0.3488137956458632,-0.6610911106252365,-0.6902947999113821,-3.146268502607015,90077
0,-0.2676786308845546,-0.5249011179053201,-1.5972523840518087,-2.2393109184665883,62755
0,-0.2421795055108356,-0.4994019925316011,-1.6227515094255276,-2.2138117930928694,57624
0,-0.29317775625827364,-0.5504002432790391,-1.5717532586780898,-2.264810043840307,71727
0,-0.2421795055108356,-0.4994019925316011,-1.6227515094255276,-2.2138117930928694,57624
0,-0.29317775625827364,-0.5504002432790391,-1.5717532586780898,-2.264810043840307,71727
0,-0.20207974818697963,-0.39370335251017013,-2.6468345072130086,-1.7145198568859883,89518
0,-0.1770458790052022,-0.36866948332839267,-2.671868376394786,-1.6894859877042108,103105
0,-0.22711361736875707,-0.4187372216919476,-2.6218006380312313,-1.7395537260677658,78747
0,-0.22711361736875707,-0.4187372216919476,-2.671868376394786,-1.7395537260677658,80969
0,-0.1770458790052022,-0.36866948332839267,-2.6218006380312313,-1.6894859877042108,103282
0,-0.6276792839968418,-1.2449024241298945,-2.0500777712656886,-3.416918000125437,155760
0,-0.6523264138222823,-1.269549553955335,-2.074724901091129,-3.4415651299508774,162856
0,-0.6030321541714013,-1.220255294304454,-2.025430641440248,-3.3922708702999964,149632
0,-0.6030321541714013,-1.269549553955335,-2.074724901091129,-3.4415651299508774,148307
0,-0.6523264138222823,-1.220255294304454,-2.025430641440248,-3.3922708702999964,164156
0,-0.4978073131071361,-1.995375065737935,-2.8005504128737293,-4.917863283341518,118009
0,-0.47349035951057683,-2.019692019334494,-2.8248673664702886,-4.942180236938077,113887
0,-0.5221242667036954,-1.9710581121413757,-2.77623345927717,-4.893546329744959,120253
0,-0.5221242667036954,-1.9710581121413757,-2.8248673664702886,-4.893546329744959,120838
0,-0.47349035951057683,-2.019692019334494,-2.77623345927717,-4.942180236938077,114908
0,-0.390185136980351,-2.4258637702450754,-3.7774824892048318,-5.778840692355798,96011
0,-0.41421452781802803,-2.4018343794073984,-3.8015118800425087,-5.754811301518121,99900
0,-0.366155746142674,-2.4498931610827523,-3.753453098367155,-5.802870083193476,91614
0,-0.366155746142674,-2.4498931610827523,-3.753453098367155,-5.754811301518121,92202
0,-0.41421452781802803,-2.4018343794073984,-3.8015118800425087,-5.802870083193476,100120
0,-0.3206967558141694,-2.703817294909802,-2.665668390545926,-6.586833954871674,74405
0,-0.29692171589975525,-2.727592334824216,-2.641893350631512,-6.563058914957259,73453
0,-0.34447179572858355,-2.6800422549953877,-2.68944343046034,-6.610608994786088,77557
0,-0.29692171589975525,-2.6800422549953877,-2.641893350631512,-6.610608994786088,70683
0,-0.34447179572858355,-2.727592334824216,-2.68944343046034,-6.563058914957259,80381
0,-0.2626765447079358,-1.9513117196522547,-2.201506701696057,-7.339339530129221,40797
0,-0.23912927308473697,-1.9277644480290559,-2.177959430072858,-7.3628868017524205,41413
0,-0.2862238163311346,-1.9748589912754535,-2.225053973319256,-7.315792258506022,43489
0,-0.2862238163311346,-1.9277644480290559,-2.225053973319256,-7.315792258506022,42066
0,-0.23912927308473697,-1.9748589912754535,-2.177959430072858,-7.3628868017524205,42562
0,-0.21056519126666678,-1.611994248637207,-1.784615874165905,-8.173121185189526,41678
0,-0.23390643259498356,-1.5886530073088903,-1.8079571154942218,-8.149779943861208,40410
0,-0.18722394993835,-1.6353354899655237,-1.7612746328375883,-8.196462426517844,44686
0,-0.18722394993835,-1.6353354899655237,-1.7612746328375883,-8.196462426517844,44686
0,-0.23390643259498356,-1.5886530073088903,-1.8079571154942218,-8.149779943861208,40410
0,-0.7640928110493024,-1.335230438745889,-2.891671113731176,-5.959010706058983,164045
0,-0.7409395069375243,-1.358383742857667,-2.868517809619398,-5.982164010170761,157243
0,-0.7872461151610805,-1.3120771346341111,-2.9148244178429543,-5.935857401947205,171106
0,-0.7409395069375243,-1.358383742857667,-2.868517809619398,-5.935857401947205,156827
0,-0.7872461151610805,-1.3120771346341111,-2.9148244178429543,-5.982164010170761,172001
0,-0.5334578940994543,-1.7965002726455852,-1.9691314459317837,-4.626146286748446,120500
0,-0.5104772433207594,-1.8194809234242801,-1.9461507951530888,-4.60316563596975,116901
0,-0.5564385448781493,-1.7735196218668903,-1.9921120967104786,-4.649126937527141,126627
0,-0.5104772433207594,-1.7735196218668903,-1.9921120967104786,-4.649126937527141,118314
0,-0.5564385448781493,-1.8194809234242801,-1.9461507951530888,-4.60316563596975,127650
0,-0.3847413282654062,-2.185962604323042,-1.5796691142543269,-3.847221623393532,127035
0,-0.3619202564551929,-2.1631415325128285,-1.6024901860645402,-3.8700426952037454,119493
0,-0.4075624000756195,-2.208783676133255,-1.5568480424441136,-3.824400551583319,134195
0,-0.3619202564551929,-2.208783676133255,-1.6024901860645402,-3.8700426952037454,122239
0,-0.4075624000756195,-2.1631415325128285,-1.5568480424441136,-3.824400551583319,131611
0,-0.292452495380545,-1.5321126692544234,-2.3179797773332163,-5.323842949551311,46159
0,-0.26977969645580163,-1.5547854681791669,-2.3406525762579595,-5.346515748476055,42283
0,-0.3151252943052884,-1.5094398703296799,-2.295306978408473,-5.301170150626568,51000
0,-0.26977969645580163,-1.5547854681791669,-2.3406525762579595,-5.301170150626568,41991
0,-0.3151252943052884,-1.5094398703296799,-2.295306978408473,-5.346515748476055,49880
0,-0.22985995467415868,-2.032852994905514,-3.3194604286353977,-6.1228081228893405,54673
0,-0.20732555910500863,-2.0553873904746642,-3.341994824204548,-6.10027372732019,60805
0,-0.25239435024330875,-2.010318599336364,-3.2969260330662475,-6.145342518458491,52138
0,-0.25239435024330875,-2.010318599336364,-3.341994824204548,-6.10027372732019,53141
0,-0.20732555910500863,-2.0553873904746642,-3.2969260330662475,-6.145342518458491,58864
0,-0.6567091310258891,-1.6060038185537837,-2.6208397336085767,-6.8214288179161615,131183
0,-0.6791138103202482,-1.5835991392594246,-2.643244412902936,-6.799024138621802,134650
0,-0.63430445173153,-1.6284084978481428,-2.5984350543142174,-6.843833497210521,126068
0,-0.6791138103202482,-1.6284084978481428,-2.643244412902936,-6.799024138621802,132832
0,-0.63430445173153,-1.5835991392594246,-2.5984350543142174,-6.843833497210521,127283
0,-0.4504447425677885,-2.3143470527972703,-1.7957821797761742,-7.646486371748564,72523
0,-0.4727274080771002,-2.336629718306582,-1.8180648452854857,-7.6242037062392525,78048
0,-0.4281620770584768,-2.2920643872879585,-1.7734995142668626,-7.668769037257875,66017
0,-0.4281620770584768,-2.336629718306582,-1.8180648452854857,-7.668769037257875,67606
0,-0.4727274080771002,-2.2920643872879585,-1.7734995142668626,-7.6242037062392525,76907
0,-0.3737997091130101,-1.6865849936739394,-1.4819011502145087,-8.25964663938679,59982
0,-0.35163218318231404,-1.7087525196046356,-1.504068676145205,-8.281814165317487,55673
0,-0.3959672350437061,-1.6644174677432433,-1.4597336242838126,-8.237479113456095,68989
0,-0.35163218318231404,-1.7087525196046356,-1.504068676145205,-8.237479113456095,55904
0,-0.3959672350437061,-1.6644174677432433,-1.4597336242838126,-8.281814165317487,69118
0,-0.2799061274709556,-2.437733646810375,-2.9841984564873805,-8.62930351143162,48832
0,-0.2578475701118962,-2.4597922041694344,-3.0062570138464397,-8.607244954072561,52595
0,-0.30196468483001504,-2.415675089451316,-2.962139899128321,-8.65136206879068,48898
0,-0.2578475701118962,-2.415675089451316,-2.962139899128321,-8.65136206879068,50645
0,-0.30196468483001504,-2.4597922041694344,-3.0062570138464397,-8.607244954072561,49913
0,-0.7741912601470438,-1.7759339546068973,-2.3223987642839026,-8.96020335753336,169711
0,-0.7522361022931157,-1.7539787967529692,-2.3004436064299747,-8.982158515387287,165192
0,-0.7961464180009719,-1.7978891124608254,-2.3443539221378304,-8.938248199679432,172186
0,-0.7522361022931157,-1.7539787967529692,-2.3443539221378304,-8.938248199679432,164664
0,-0.7961464180009719,-1.7978891124608254,-2.3004436064299747,-8.982158515387287,173256
0,-0.5598484475447043,-1.3472483294022184,-3.0256346211575855,-6.1472599300386275,114338
0,-0.5379916392410043,-1.3253915210985183,-3.0474914294612856,-6.125403121734927,107652
0,-0.5817052558484043,-1.3691051377059185,-3.0037778128538855,-6.1691167383423275,115440
0,-0.5379916392410043,-1.3253915210985183,-3.0037778128538855,-6.125403121734927,108349
0,-0.5817052558484043,-1.3691051377059185,-3.0474914294612856,-6.1691167383423275,116755
0,-0.4500358102968912,-0.9079977804109661,-2.4892249103479642,-4.390257734073618,97777
0,-0.42827275230570777,-0.8862347224197826,-2.467461852356781,-4.368494676082435,90594
0,-0.47179886828807466,-0.9297608384021496,-2.5109879683391476,-4.412020792064801,104641
0,-0.47179886828807466,-0.8862347224197826,-2.5109879683391476,-4.412020792064801,104677
0,-0.42827275230570777,-0.9297608384021496,-2.467461852356781,-4.368494676082435,89813
0,-0.35333290116216526,-1.6075794915709478,-1.7156016372701566,-3.6166344609958103,96204
0,-0.3750064143229866,-1.5859059784101264,-1.737275150430978,-3.6383079741566315,100136
0,-0.3316593880013439,-1.6292530047317693,-1.6939281241093351,-3.594960947834989,95484
0,-0.3316593880013439,-1.5859059784101264,-1.6939281241093351,-3.6383079741566315,90668
0,-0.3750064143229866,-1.6292530047317693,-1.737275150430978,-3.594960947834989,102722
0,-0.24304330762235327,-1.216647576627005,-1.2744432631109086,-5.180362120771581,33969
0,-0.2214554797521691,-1.1950597487568209,-1.2528554352407244,-5.201949948641765,31546
0,-0.2646311354925374,-1.2382354044971893,-1.2960310909810928,-5.158774292901397,39397
0,-0.2646311354925374,-1.1950597487568209,-1.2960310909810928,-5.201949948641765,38984
0,-0.2214554797521691,-1.2382354044971893,-1.2528554352407244,-5.158774292901397,30925
0,-0.19119927988326715,-1.9106993149176064,-0.8596910411982197,-3.792258644190378,95361
0,-0.21270497648364942,-1.8891936183172242,-0.881196737798602,-3.81376434079076,91880
0,-0.1696935832828849,-1.9322050115179885,-0.8381853445978374,-3.7707529475899957,103536
0,-0.1696935832828849,-1.9322050115179885,-0.881196737798602,-3.7707529475899957,104712
0,-0.21270497648364942,-1.8891936183172242,-0.8381853445978374,-3.81376434079076,91655
0,-0.5092857208308285,-1.2745264330224837,-0.7154304160155117,-5.064604407980623,132832
0,-0.48785887259524924,-1.295953281258063,-0.736857264251091,-5.043177559745043,119284
0,-0.5307125690664077,-1.2530995847869044,-0.6940035677799324,-5.086031256216202,141354
0,-0.48785887259524924,-1.2530995847869044,-0.736857264251091,-5.043177559745043,123470
0,-0.5307125690664077,-1.295953281258063,-0.6940035677799324,-5.086031256216202,137391
0,-0.39488901037371227,-2.1033725721261836,-1.6306040996724411,-4.149430724323693,115240
0,-0.3735379692548861,-2.0820215310073573,-1.6519551407912674,-4.128079683204867,109889
0,-0.41624005149253845,-2.12472361324501,-1.609253058553615,-4.170781765442519,121077
0,-0.3735379692548861,-2.12472361324501,-1.6519551407912674,-4.170781765442519,110587
0,-0.41624005149253845,-2.0820215310073573,-1.609253058553615,-4.128079683204867,119938
0,-0.2658823650596227,-1.734146872815436,-2.662657262185158,-3.410979325702198,107566
0,-0.24460430609777525,-1.7554249317772834,-2.6839353211470054,-3.4322573846640454,109389
0,-0.28716042402147013,-1.7128688138535884,-2.6413792032233103,-3.3897012667403503,107996
0,-0.24460430609777525,-1.7128688138535884,-2.6839353211470054,-3.3897012667403503,108486
0,-0.28716042402147013,-1.7554249317772834,-2.6413792032233103,-3.4322573846640454,110266
0,-0.18900563405197024,-1.418992005260809,-3.2776711102463776,-2.780669590592944,147371
0,-0.16779792661383658,-1.3977842978226753,-3.2988788176845114,-2.75946188315481,164984
0,-0.2102133414901039,-1.4401997126989425,-3.2564634028082438,-2.8018772980310778,138041
0,-0.16779792661383658,-1.3977842978226753,-3.2564634028082438,-2.75946188315481,163640
0,-0.2102133414901039,-1.4401997126989425,-3.2988788176845114,-2.8018772980310778,139262
0,-0.5039568713084535,-2.0488944797737756,-2.2702395499099794,-4.040474539618877,137330
0,-0.4828170599813232,-2.0277546684466454,-2.2490997385828493,-4.019334728291747,130598
0,-0.5250966826355837,-2.0700342911009058,-2.2913793612371096,-4.061614350946008,139020
0,-0.4828170599813232,-2.0277546684466454,-2.2490997385828493,-4.061614350946008,130445
0,-0.5250966826355837,-2.0700342911009058,-2.2913793612371096,-4.019334728291747,140515
0,-0.39174088299675996,-1.6000305265270016,-1.8213755966632055,-5.320557247731675,70776
0,-0.3706666708905883,-1.5789563144208298,-1.8003013845570337,-5.3416314598378465,65909
0,-0.41281509510293163,-1.6211047386331734,-1.8424498087693773,-5.299483035625504,77930
0,-0.41281509510293163,-1.5789563144208298,-1.8003013845570337,-5.299483035625504,77756
0,-0.3706666708905883,-1.6211047386331734,-1.8424498087693773,-5.3416314598378465,65139
0,-0.3178019891267601,-2.057912687055823,-2.7371399177208477,-6.503579549651673,53757
0,-0.33881275503545766,-2.0369019211471255,-2.7161291518121504,-6.482568783742975,54910
0,-0.29679122321806256,-2.07892345296452,-2.758150683629545,-6.524590315560371,50211
0,-0.33881275503545766,-2.0369019211471255,-2.758150683629545,-6.524590315560371,56172
0,-0.29679122321806256,-2.07892345296452,-2.7161291518121504,-6.482568783742975,49792
0,-0.25201734517424923,-2.58418983867591,-2.0983299948950576,-5.2259597040000925,98817
0,-0.27296668695829046,-2.5632404968918685,-2.119279336679099,-5.246909045784133,95503
0,-0.231068003390208,-2.6051391804599513,-2.077380653111016,-5.2050103622160515,99930
0,-0.27296668695829046,-2.5632404968918685,-2.119279336679099,-5.246909045784133,95503
0,-0.231068003390208,-2.6051391804599513,-2.077380653111016,-5.2050103622160515,99930
0,-0.6681922041160973,-1.751840120792214,-2.9306797127787534,-6.058309421883789,125520
0,-0.6890820243231088,-1.7309503005852025,-2.951569532985765,-6.0791992420908,132899
0,-0.6473023839090857,-1.7727299409992257,-2.909789892571742,-6.037419601676778,121789
0,-0.6890820243231088,-1.7727299409992257,-2.909789892571742,-6.037419601676778,131978
0,-0.6473023839090857,-1.7309503005852025,-2.951569532985765,-6.0791992420908,122483
0,-0.5483710485080739,-2.3528939739174404,-2.329625859653527,-4.856201715633336,137385
0,-0.5692031403036286,-2.373726065712995,-2.3087937678579724,-4.8353696238377815,140468
0,-0.5275389567125193,-2.3320618821218857,-2.3504579514490818,-4.877033807428891,134564
0,-0.5692031403036286,-2.3320618821218857,-2.3087937678579724,-4.8353696238377815,137172
0,-0.5275389567125193,-2.373726065712995,-2.3504579514490818,-4.877033807428891,134496
0,-0.44958823849308455,-1.7582629049600775,-3.1198883397734423,-6.4367266758731665,77593
0,-0.47036429469575886,-1.7374868487574033,-3.099112283570768,-6.415950619670492,84975
0,-0.42881218229041024,-1.7790389611627517,-3.1406643959761165,-6.457502732075841,70723
0,-0.42881218229041024,-1.7790389611627517,-3.099112283570768,-6.457502732075841,72295
0,-0.47036429469575886,-1.7374868487574033,-3.1406643959761165,-6.415950619670492,84661
0,-0.3737308210787856,-2.3651222442744695,-3.8078659272387325,-7.043586015187558,67388
0,-0.3530091999237644,-2.3858438654294907,-3.7871443060837113,-7.06430763634258,64361
0,-0.39445244223380677,-2.3444006231194483,-3.8285875483937537,-7.022864394032537,71087
0,-0.3530091999237644,-2.3444006231194483,-3.8285875483937537,-7.06430763634258,63190
0,-0.39445244223380677,-2.3858438654294907,-3.7871443060837113,-7.022864394032537,73051
0,-0.28010596141164457,-1.7988687974903863,-4.374119374022816,-7.792584892524687,47146
0,-0.2594372597961255,-1.7782000958748672,-4.394788075638335,-7.813253594140206,47239
0,-0.30077466302716366,-1.8195374991059055,-4.3534506724072966,-7.771916190909168,47473
0,-0.2594372597961255,-1.8195374991059055,-4.3534506724072966,-7.813253594140206,47008
0,-0.30077466302716366,-1.7782000958748672,-4.394788075638335,-7.771916190909168,47245
0,-0.1958415661190122,-1.8332186146797393,-4.339769556833462,-8.466700054865745,56856
0,-0.17522434706765427,-1.8538358337310972,-4.319152337782104,-8.487317273917103,59654
0,-0.21645878517037015,-1.8126013956283815,-4.3603867758848205,-8.446082835814387,53418
0,-0.21645878517037015,-1.8126013956283815,-4.319152337782104,-8.487317273917103,52667
0,-0.17522434706765427,-1.8538358337310972,-4.3603867758848205,-8.446082835814387,59620
0,-0.7802295937029493,-1.248830587095802,-3.3231497293343466,-8.975009968615304,195039
0,-0.800796694494828,-1.2282634863039232,-3.302582628542468,-8.995577069407183,203283
0,-0.7596624929110706,-1.269397687887681,-3.3437168301262252,-8.954442867823424,189283
0,-0.800796694494828,-1.2282634863039232,-3.3437168301262252,-8.954442867823424,202270
0,-0.7596624929110706,-1.269397687887681,-3.302582628542468,-8.995577069407183,192708
0,-0.5216218742260192,-1.7660460260496622,-4.102507039605879,-7.4162953480722384,90132
0,-0.5421401536894755,-1.745527746586206,-4.123025319069335,-7.3957770686087825,96553
0,-0.5011035947625629,-1.7865643055131184,-4.081988760142423,-7.436813627535694,83164
0,-0.5421401536894755,-1.7865643055131184,-4.081988760142423,-7.3957770686087825,96664
0,-0.5011035947625629,-1.745527746586206,-4.123025319069335,-7.436813627535694,83447
0,-0.376928081762666,-2.2449723636987895,-2.1868016890093687,-7.995070517925652,54715
0,-0.39739877425325604,-2.2654430561893797,-2.1663309965187785,-7.974599825435062,58317
0,-0.356457389272076,-2.2245016712081993,-2.207272381499959,-8.015541210416242,50813
0,-0.39739877425325604,-2.2245016712081993,-2.1663309965187785,-8.015541210416242,58896
0,-0.356457389272076,-2.2654430561893797,-2.207272381499959,-7.974599825435062,51770
0,-0.2980685348324955,-1.7233673987405695,-3.448554439892096,-8.51667548288387,43643
0,-0.3184928164866296,-1.7029431170864355,-3.428130158237962,-8.537099764538006,44993
0,-0.27764425317836144,-1.7437916803947036,-3.46897872154623,-8.496251201229736,43418
0,-0.27764425317836144,-1.7437916803947036,-3.428130158237962,-8.496251201229736,42679
0,-0.3184928164866296,-1.7029431170864355,-3.46897872154623,-8.537099764538006,45107
0,-0.2125103578807707,-2.407832814354368,-2.865142998954229,-5.7788138204286765,82344
0,-0.19213136518176047,-2.428211807053378,-2.844764006255219,-5.758434827729666,86625
0,-0.2328893505797809,-2.387453821655358,-2.8855219916532393,-5.799192813127687,76246
0,-0.19213136518176047,-2.387453821655358,-2.844764006255219,-5.758434827729666,83488
0,-0.2328893505797809,-2.428211807053378,-2.8855219916532393,-5.799192813127687,78123
0,-0.5461373293146828,-1.9828313827563915,-3.5323969418220535,-7.113321706164325,98858
0,-0.5258025543297652,-1.9624966077714738,-3.512062166837136,-7.092986931179408,93911
0,-0.5664721042996005,-2.003166157741309,-3.552731716806971,-7.1336564811492424,102800
0,-0.5258025543297652,-1.9624966077714738,-3.552731716806971,-7.092986931179408,93627
0,-0.5664721042996005,-2.003166157741309,-3.512062166837136,-7.1336564811492424,102554
0,-0.4525475377630337,-1.6084722165497949,-3.9412166509439426,-5.615885041337939,84672
0,-0.4322559565885131,-1.5881806353752743,-3.9615082321184634,-5.5955934601634185,82812
0,-0.47283911893755426,-1.6287637977243155,-3.920925069769422,-5.636176622512459,91439
0,-0.4322559565885131,-1.6287637977243155,-3.920925069769422,-5.636176622512459,80790
0,-0.47283911893755426,-1.5881806353752743,-3.9615082321184634,-5.5955934601634185,91349
0,-0.35259473652347995,-2.252637960720979,-2.6528851626015744,-6.904216529680307,59005
0,-0.33234536956907595,-2.272887327675383,-2.6326357956471704,-6.924465896634711,56271
0,-0.37284410347788394,-2.2323885937665753,-2.6731345295559783,-6.883967162725902,59984
0,-0.33234536956907595,-2.272887327675383,-2.6326357956471704,-6.924465896634711,56271
0,-0.37284410347788394,-2.2323885937665753,-2.6731345295559783,-6.883967162725902,59984
0,-0.27585048075775087,-2.5596149837838955,-2.0389311164757418,-7.518170575806139,52596
0,-0.2556423899729902,-2.5798230745686563,-2.018723025690981,-7.5383786665909,54111
0,-0.29605857154251153,-2.5394068929991347,-2.0591392072605026,-7.497962485021379,54045
0,-0.2556423899729902,-2.5798230745686563,-2.018723025690981,-7.5383786665909,54111
0,-0.29605857154251153,-2.5394068929991347,-2.0591392072605026,-7.497962485021379,54045
0,-1.661557981753106,-1.1739074827885403,-3.424638617471097,-6.132463074810784,241077
0,-1.6413902680787635,-1.1940751964628828,-3.4044709037967547,-6.152630788485126,241763
0,-1.6817256954274487,-1.1537397691141977,-3.4448063311454398,-6.112295361136441,241346
0,-1.6413902680787635,-1.1940751964628828,-3.4044709037967547,-6.112295361136441,240009
0,-1.6817256954274487,-1.1537397691141977,-3.4448063311454398,-6.152630788485126,242390
0,-1.3419478816991757,-1.8131276828964014,-2.7854184173632364,-4.311141160450504,234952
0,-1.3218196827214914,-1.8332558818740856,-2.765290218385552,-4.29101296147282,232513
0,-1.36207608067686,-1.792999483918717,-2.8055466163409206,-4.3312693594281875,233963
0,-1.3218196827214914,-1.8332558818740856,-2.765290218385552,-4.29101296147282,232513
0,-1.36207608067686,-1.792999483918717,-2.8055466163409206,-4.3312693594281875,233963
0,-1.1078155941606758,-2.281392257973401,-2.3171538422862366,-3.3746120102965045,213990
0,-1.087726081948662,-2.301481770185415,-2.297064330074223,-3.3545224980844908,212011
0,-1.1279051063726895,-2.2613027457613875,-2.3372433544982503,-3.394701522508518,216864
0,-1.087726081948662,-2.2613027457613875,-2.3372433544982503,-3.394701522508518,212572
0,-1.1279051063726895,-2.301481770185415,-2.297064330074223,-3.3545224980844908,217997
0,-0.901952930400852,-1.5481542355060318,-3.050391864753606,-4.841088055231244,182051
0,-0.8819013095092451,-1.5281026146144248,-3.070443485645213,-4.861139676122851,178875
0,-0.922004551292459,-1.5682058563976389,-3.030340243861999,-4.821036434339637,189577
0,-0.8819013095092451,-1.5682058563976389,-3.070443485645213,-4.861139676122851,179812
0,-0.922004551292459,-1.5281026146144248,-3.030340243861999,-4.821036434339637,186454
0,-0.729566234776694,-1.2253267520032267,-3.739938647250238,-6.2201816202245075,149926
0,-0.709551740399062,-1.2453412463808589,-3.7599531416278698,-6.240196114602139,143561
0,-0.749580729154326,-1.2053122576255946,-3.719924152872606,-6.200167125846876,157046
0,-0.749580729154326,-1.2453412463808589,-3.719924152872606,-6.200167125846876,153468
0,-0.709551740399062,-1.2053122576255946,-3.7599531416278698,-6.240196114602139,145268
0,-0.5156332242112786,-2.059552040147637,-4.167804668381069,-7.075913662486169,94168
0,-0.5356113279530655,-2.0795301438894236,-4.147826564639282,-7.055935558744382,98611
0,-0.49565512046949156,-2.03957393640585,-4.187782772122856,-7.095891766227956,85475
0,-0.5356113279530655,-2.0795301438894236,-4.147826564639282,-7.055935558744382,98611
0,-0.49565512046949156,-2.03957393640585,-4.187782772122856,-7.095891766227956,85475
0,-0.38698837028438127,-1.5449726244400477,-4.682384084088659,-7.5904930781937585,56941
0,-0.40693079192661813,-1.5649150460822845,-4.6624416624464216,-7.5705506565515215,61360
0,-0.3670459486421444,-1.5250302027978109,-4.702326505730896,-7.6104354998359955,52817
0,-0.40693079192661813,-1.5649150460822845,-4.6624416624464216,-7.6104354998359955,61066
0,-0.3670459486421444,-1.5250302027978109,-4.702326505730896,-7.5705506565515215,53079
0,-0.3066304453985417,-1.2235409248966893,-5.0038157836320165,-8.282436550459389,48893
0,-0.32653786760909237,-1.24344834710724,-4.983908361421466,-8.30234397266994,51124
0,-0.286723023187991,-1.2036335026861387,-5.023723205842567,-8.262529128248838,48390
0,-0.32653786760909237,-1.2036335026861387,-4.983908361421466,-8.30234397266994,50099
0,-0.286723023187991,-1.24344834710724,-5.023723205842567,-8.262529128248838,47062
0,-0.25091983646826954,-1.97234711333948,-5.226658219353105,-6.499697064690681,62962
0,-0.27079291741675826,-1.9524740323909915,-5.206785138404617,-6.519570145639169,60071
0,-0.23104675551978082,-1.9922201942879687,-5.246531300301593,-6.479823983742192,67349
0,-0.27079291741675826,-1.9922201942879687,-5.206785138404617,-6.479823983742192,62880
0,-0.23104675551978082,-1.9524740323909915,-5.246531300301593,-6.519570145639169,66048
0,-0.6514553182297593,-1.3419811052829136,-3.6245162923071454,-7.130063072747247,132188
0,-0.671294692863392,-1.3618204799165463,-3.6046769176735127,-7.110223698113614,137975
0,-0.6316159435961266,-1.3221417306492809,-3.644355666940778,-7.14990244738088,130805
0,-0.6316159435961266,-1.3221417306492809,-3.644355666940778,-7.110223698113614,131176
0,-0.671294692863392,-1.3618204799165463,-3.6046769176735127,-7.14990244738088,135959
0,-0.5376679503159687,-1.1144063694553323,-4.079665763962308,-7.857205573435524,114930
0,-0.5178616690830019,-1.0946000882223654,-4.099472045195275,-7.837399292202558,107821
0,-0.5574742315489355,-1.1342126506882992,-4.059859482729341,-7.877011854668491,120369
0,-0.5178616690830019,-1.1342126506882992,-4.059859482729341,-7.877011854668491,109368
0,-0.5574742315489355,-1.0946000882223654,-4.099472045195275,-7.837399292202558,122099
0,-0.4181662598840846,-2.000266600216503,-2.307945302439967,-8.300135688816109,62747
0,-0.3983924800604629,-2.020040380040125,-2.288171522616345,-8.31990946863973,58101
0,-0.43794003970770634,-1.9804928203928813,-2.327719082263589,-8.280361908992488,67945
0,-0.43794003970770634,-1.9804928203928813,-2.288171522616345,-8.280361908992488,67590
0,-0.3983924800604629,-2.020040380040125,-2.327719082263589,-8.31990946863973,57103
0,-0.3227022418385139,-2.382122672398786,-3.080860608251059,-8.681991760998391,48523
0,-0.34244409235859646,-2.3623808218787032,-3.061118757730976,-8.662249910478309,50099
0,-0.3029603913184314,-2.4018645229188684,-3.1006024587711414,-8.701733611518474,49498
0,-0.34244409235859646,-2.4018645229188684,-3.1006024587711414,-8.701733611518474,50533
0,-0.3029603913184314,-2.3623808218787032,-3.061118757730976,-8.662249910478309,48139
0,-0.2668239213281003,-1.8468848564379354,-2.5456227922902084,-6.54104049715499,43839
0,-0.28653439573534084,-1.866595330845176,-2.565333266697449,-6.56075097156223,44704
0,-0.24711344692085974,-1.827174382030695,-2.525912317882968,-6.521330022747749,41377
0,-0.24711344692085974,-1.827174382030695,-2.525912317882968,-6.521330022747749,41377
0,-0.28653439573534084,-1.866595330845176,-2.565333266697449,-6.56075097156223,44704
0,-0.20515836978338245,-1.3535604440801927,-2.0522983799324654,-4.567742847724019,38895
0,-0.18547873630464673,-1.333880810601457,-2.0326187464537298,-4.548063214245283,38411
0,-0.22483800326211817,-1.3732400775589284,-2.071978013411201,-4.587422481202755,41230
0,-0.22483800326211817,-1.333880810601457,-2.071978013411201,-4.587422481202755,38900
0,-0.18547873630464673,-1.3732400775589284,-2.0326187464537298,-4.548063214245283,41585
0,-0.16567677535122477,-0.9481375042395285,-1.4205928690179426,-3.304331825894973,41743
0,-0.18532608593132274,-0.9284881936594305,-1.4402421795980405,-3.323981136475071,38744
0,-0.1460274647711268,-0.9677868148196265,-1.4009435584378447,-3.2846825153148753,46401
0,-0.18532608593132274,-0.9677868148196265,-1.4402421795980405,-3.323981136475071,41563
0,-0.1460274647711268,-0.9284881936594305,-1.4009435584378447,-3.2846825153148753,44091
0,-0.5383917713469775,-0.7604443069432874,-2.911452853000953,-4.795191809877984,129897
0,-0.5580112607032245,-0.7800637962995344,-2.9310723423572003,-4.814811299234231,137296
0,-0.5187722819907304,-0.7408248175870403,-2.891833363644706,-4.7755723205217375,127435
0,-0.5580112607032245,-0.7408248175870403,-2.891833363644706,-4.7755723205217375,137669
0,-0.5187722819907304,-0.7800637962995344,-2.9310723423572003,-4.814811299234231,122289
0,-0.42366010566508905,-1.5632068762847138,-3.7142154223423796,-6.400716948560837,69278
0,-0.44325025986804634,-1.5436167220817565,-3.694625268139422,-6.38112679435788,75384
0,-0.40406995146213176,-1.582797030487671,-3.733805576545337,-6.420307102763794,65926
0,-0.44325025986804634,-1.582797030487671,-3.694625268139422,-6.38112679435788,74967
0,-0.40406995146213176,-1.5436167220817565,-3.733805576545337,-6.420307102763794,66558
0,-0.3429527024652586,-2.169729764427527,-4.359874647941023,-7.046376174159481,58522
0,-0.3625139926871928,-2.1892910546494613,-4.340313357719089,-7.026814883937547,62042
0,-0.3233914122433244,-2.1501684742055924,-4.379435938162957,-7.065937464381415,57416
0,-0.3233914122433244,-2.1501684742055924,-4.340313357719089,-7.065937464381415,56555
0,-0.3625139926871928,-2.1892910546494613,-4.379435938162957,-7.026814883937547,61818
0,-0.25416304653517435,-1.4594125169868528,-3.6277932053365793,-7.756693421600155,42211
0,-0.23463016335598783,-1.4398796338076663,-3.608260322157393,-7.776226304779342,42325
0,-0.27369592971436085,-1.4789454001660394,-3.647326088515766,-7.7371605384209685,42634
0,-0.23463016335598783,-1.4398796338076663,-3.647326088515766,-7.776226304779342,41844
0,-0.27369592971436085,-1.4789454001660394,-3.608260322157393,-7.7371605384209685,42740
0,-0.21114925084971378,-1.1153021515031682,-4.298308672685701,-8.444914152567524,52466
0,-0.19164433138330583,-1.0957972320367604,-4.31781359215211,-8.464419072033932,55716
0,-0.23065417031612173,-1.1348070709695761,-4.278803753219293,-8.425409233101115,52055
0,-0.19164433138330583,-1.1348070709695761,-4.278803753219293,-8.464419072033932,54582
0,-0.23065417031612173,-1.0957972320367604,-4.31781359215211,-8.425409233101115,50403
0,-0.7675006833423849,-0.8212306800427565,-4.592380144146113,-6.21950842259684,168073
0,-0.7480232972772722,-0.8407080661078691,-4.572902758081001,-6.238985808661952,164391
0,-0.7869780694074975,-0.8017532939776438,-4.611857530211226,-6.200031036531727,173427
0,-0.7480232972772722,-0.8017532939776438,-4.611857530211226,-6.200031036531727,166125
0,-0.7869780694074975,-0.8407080661078691,-4.572902758081001,-6.238985808661952,171727
0,-0.6384268262745895,-1.7901928337157926,-3.623417990473077,-7.188470576269876,113922
0,-0.618976555761297,-1.7707425632025002,-3.64286826098637,-7.169020305756583,111231
0,-0.657877096787882,-1.809643104229085,-3.6039677199597846,-7.207920846783169,115814
0,-0.618976555761297,-1.809643104229085,-3.64286826098637,-7.169020305756583,112906
0,-0.657877096787882,-1.7707425632025002,-3.6039677199597846,-7.207920846783169,117431
0,-0.4787458491993981,-1.2695641232167938,-4.262141898773843,-5.911022759668345,88333
0,-0.4593222883250113,-1.2889876840911805,-4.281565459648229,-5.891599198793958,81763
0,-0.4981694100737849,-1.2501405623424071,-4.242718337899456,-5.930446320542732,95948
0,-0.4593222883250113,-1.2501405623424071,-4.281565459648229,-5.930446320542732,79813
0,-0.4981694100737849,-1.2889876840911805,-4.242718337899456,-5.891599198793958,94330
0,-0.35367517631761664,-0.8992064258588286,-4.762424590300968,-6.651738154384276,57957
0,-0.3342779306092408,-0.8798091801504527,-4.781821836009344,-6.671135400092652,51627
0,-0.37307242202599245,-0.9186036715672045,-4.743027344592592,-6.6323409086759,62668
0,-0.3342779306092408,-0.9186036715672045,-4.743027344592592,-6.6323409086759,52415
0,-0.37307242202599245,-0.8798091801504527,-4.781821836009344,-6.671135400092652,64337
0,-0.25418642524250185,-1.876356404628027,-3.78527461153177,-4.697438196845879,82747
0,-0.2348151111976762,-1.8957277186728527,-3.765903297486944,-4.678066882801054,85419
0,-0.2735577392873275,-1.8569850905832013,-3.8046459255765956,-4.716809510890704,79691
0,-0.2735577392873275,-1.8569850905832013,-3.8046459255765956,-4.678066882801054,81118
0,-0.2348151111976762,-1.8957277186728527,-3.765903297486944,-4.716809510890704,85427
0,-0.6001015182254528,-1.5304413116450761,-4.477104797497672,-6.262379169464174,112490
0,-0.6194472735831825,-1.5110955562873465,-4.496450552855402,-6.243033414106445,114376
0,-0.580755762867723,-1.5497870670028058,-4.4577590421399425,-6.281724924821904,109035
0,-0.6194472735831825,-1.5110955562873465,-4.4577590421399425,-6.281724924821904,114411
0,-0.580755762867723,-1.5497870670028058,-4.496450552855402,-6.243033414106445,108695
0,-0.4106357557789766,-2.288304361430981,-4.888353626177733,-4.617383854743931,124110
0,-0.42995631532098194,-2.2689838018889756,-4.869033066635728,-4.636704414285936,126839
0,-0.39131519623697125,-2.307624920972986,-4.907674185719738,-4.598063295201926,125652
0,-0.42995631532098194,-2.307624920972986,-4.869033066635728,-4.636704414285936,128539
0,-0.39131519623697125,-2.2689838018889756,-4.907674185719738,-4.598063295201926,121745
0,-0.27463680106326716,-1.9061236126070327,-5.160351535609152,-3.5293922170182555,150849
0,-0.2939325179547834,-1.9254193294985489,-5.141055818717636,-3.548687933909772,144724
0,-0.2553410841717509,-1.8868278957155165,-5.1796472525006685,-3.510096500126739,158818
0,-0.2939325179547834,-1.9254193294985489,-5.1796472525006685,-3.548687933909772,144449
0,-0.2553410841717509,-1.8868278957155165,-5.141055818717636,-3.510096500126739,162147
0,-0.8134116783093296,-2.444898489853095,-5.404657607274327,-5.684491726002506,158206
0,-0.8326828963878347,-2.4641697079316005,-5.423928825352832,-5.703762944081011,157035
0,-0.7941404602308245,-2.42562727177459,-5.385386389195822,-5.665220507924,158406
0,-0.8326828963878347,-2.42562727177459,-5.385386389195822,-5.665220507924,157897
0,-0.7941404602308245,-2.4641697079316005,-5.423928825352832,-5.703762944081011,157344
0,-1.0340087953474761,-2.7043293292060255,-5.534373026950792,-6.722215083414227,160790
0,-1.053255849481804,-2.685082275071698,-5.515125972816464,-6.702968029279899,160665
0,-1.0147617412131482,-2.7235763833403532,-5.55362008108512,-6.741462137548555,160734
0,-1.053255849481804,-2.7235763833403532,-5.515125972816464,-6.702968029279899,159591
0,-1.0147617412131482,-2.685082275071698,-5.55362008108512,-6.741462137548555,158919
0,-0.7105222829717248,-1.9092928261531839,-5.61524465504473,-7.36918810816573,122561
0,-0.729745499403119,-1.928516042584578,-5.596021438613336,-7.349964891734336,124996
0,-0.6912990665403307,-1.8900696097217897,-5.634467871476124,-7.388411324597124,120269
0,-0.6912990665403307,-1.928516042584578,-5.634467871476124,-7.349964891734336,120575
0,-0.729745499403119,-1.8900696097217897,-5.596021438613336,-7.388411324597124,123175
0,-0.5883417067123047,-1.3417959827983887,-5.73742523130415,-7.936684951520525,106214
0,-0.569142010046082,-1.3609956794646114,-5.756624927970373,-7.917485254854302,104134
0,-0.6075414033785274,-1.322596286132166,-5.718225534637927,-7.955884648186748,114132
0,-0.569142010046082,-1.322596286132166,-5.756624927970373,-7.917485254854302,101764
0,-0.6075414033785274,-1.3609956794646114,-5.718225534637927,-7.955884648186748,110706
0,-0.4312557794137999,-1.902328998138523,-5.815968194953403,-5.423310114744448,95944
0,-0.4120792925702679,-1.883152511294991,-5.835144681796935,-5.404133627900915,95019
0,-0.4504322662573319,-1.921505484982055,-5.79679170810987,-5.44248660158798,102395
0,-0.4504322662573319,-1.921505484982055,-5.835144681796935,-5.44248660158798,101409
0,-0.4120792925702679,-1.883152511294991,-5.79679170810987,-5.404133627900915,94310
0,-0.3118264664058883,-1.4246117461068766,-5.852535429167639,-4.467875610681155,81766
0,-0.3309800456671795,-1.4437653253681677,-5.87168900842893,-4.487029189942446,84001
0,-0.2926728871445971,-1.4054581668455854,-5.833381849906347,-4.448722031419863,80647
0,-0.3309800456671795,-1.4437653253681677,-5.833381849906347,-4.487029189942446,83584
0,-0.2926728871445971,-1.4054581668455854,-5.87168900842893,-4.448722031419863,81635
0,-0.2247697487575147,-1.0763848755133822,-4.376363441435836,-3.0749681283071775,97841
0,-0.24390071525417573,-1.0955158420100433,-4.357232474939175,-3.0940990948038385,90571
0,-0.2056387822608537,-1.0572539090167212,-4.395494407932497,-3.0558371618105165,105039
0,-0.2056387822608537,-1.0572539090167212,-4.395494407932497,-3.0940990948038385,101741
0,-0.24390071525417573,-1.0955158420100433,-4.357232474939175,-3.0558371618105165,93834
0,-0.5902170736640046,-1.8072795253263618,-3.6454687916228563,-4.789524480458403,128717
0,-0.5711084322712396,-1.7881708839335968,-3.664577433015621,-4.808633121851168,125800
0,-0.6093257150567695,-1.8263881667191268,-3.6263601502300915,-4.770415839065638,132775
0,-0.5711084322712396,-1.8263881667191268,-3.664577433015621,-4.770415839065638,127766
0,-0.6093257150567695,-1.7881708839335968,-3.6263601502300915,-4.808633121851168,131907
0,-0.40957717368488394,-1.438849531414287,-4.3680283915393385,-6.263244456106701,66585
0,-0.3904905766386539,-1.4579361284605172,-4.3871149885855685,-6.244157859060471,62928
0,-0.428663770731114,-1.419762934368057,-4.348941794493109,-6.282331053152931,70526
0,-0.428663770731114,-1.419762934368057,-4.348941794493109,-6.282331053152931,70526
0,-0.3904905766386539,-1.4579361284605172,-4.3871149885855685,-6.244157859060471,62928
0,-0.28672305623052596,-1.930266001231719,-4.859444861356771,-4.297578576836973,109056
0,-0.3057878830259723,-1.9112011744362727,-4.840380034561324,-4.31664340363242,106443
0,-0.2676582294350796,-1.9493308280271653,-4.878509688152217,-4.278513750041527,114572
0,-0.3057878830259723,-1.9493308280271653,-4.878509688152217,-4.31664340363242,107079
0,-0.2676582294350796,-1.9112011744362727,-4.840380034561324,-4.278513750041527,109887
0,-0.6386604104491858,-1.5878213341753984,-3.4896661931314883,-5.705327993711613,122318
0,-0.65770373465868,-1.6068646583848927,-3.5087095173409826,-5.724371317921108,126521
0,-0.6196170862396915,-1.568778009965904,-3.470622868921994,-5.686284669502118,118999
0,-0.65770373465868,-1.568778009965904,-3.470622868921994,-5.686284669502118,127910
0,-0.6196170862396915,-1.6068646583848927,-3.5087095173409826,-5.724371317921108,121385
0,-0.5262106577089368,-1.0770223149649047,-2.468068154710501,-4.683729955290626,115730
0,-0.5452327407866334,-1.0580002318872082,-2.449046071632804,-4.664707872212929,121607
0,-0.5071885746312402,-1.0960443980426013,-2.487090237788198,-4.702752038368322,107903
0,-0.5452327407866334,-1.0960443980426013,-2.487090237788198,-4.664707872212929,121029
0,-0.5071885746312402,-1.0580002318872082,-2.449046071632804,-4.702752038368322,109507
0,-0.42573017676082203,-1.6332697661439397,-3.580563057068571,-6.291417650460462,71922
0,-0.444731274160574,-1.6522708635436918,-3.599564154468323,-6.272416553060711,77097
0,-0.40672907936107006,-1.6142686687441876,-3.561561959668819,-6.310418747860214,66406
0,-0.40672907936107006,-1.6142686687441876,-3.561561959668819,-6.310418747860214,66406
0,-0.444731274160574,-1.6522708635436918,-3.599564154468323,-6.272416553060711,77097
0,-0.3409703114042859,-1.2942303047177952,-2.902484134216282,-6.969496573312751,52323
0,-0.3219899500278731,-1.2752499433413824,-2.883503772839869,-6.988476934689165,48209
0,-0.3599506727806987,-1.313210666094208,-2.9214644955926947,-6.950516211936338,57226
0,-0.3599506727806987,-1.313210666094208,-2.883503772839869,-6.950516211936338,57228
0,-0.3219899500278731,-1.2752499433413824,-2.9214644955926947,-6.988476934689165,48539
0,-0.27111637868432903,-1.0148145738379677,-2.2399409259671748,-7.528328035072406,50460
0,-0.290076248085,-1.0337744432386387,-2.220981056566504,-7.509368165671735,53112
0,-0.25215650928365807,-0.9958547044372967,-2.2589007953678455,-7.547287904473078,46208
0,-0.25215650928365807,-0.9958547044372967,-2.220981056566504,-7.547287904473078,47471
0,-0.290076248085,-1.0337744432386387,-2.2589007953678455,-7.509368165671735,52345
0,-0.22486870436538361,-0.829823876562186,-3.2602326304191,-8.268290824175534,52342
0,-0.2059290883159642,-0.8108842605127666,-3.2412930143696803,-8.287230440224953,53309
0,-0.24380832041480302,-0.8487634926116054,-3.2791722464685193,-8.249351208126114,52608
0,-0.24380832041480302,-0.8108842605127666,-3.2791722464685193,-8.287230440224953,52687
0,-0.2059290883159642,-0.8487634926116054,-3.2412930143696803,-8.249351208126114,52625
0,-0.5445345508916491,-1.5932199357156778,-3.899564323471631,-6.74149870586855,97949
0,-0.5634541469672082,-1.5743003396401187,-3.91848391954719,-6.760418301944109,104854
0,-0.5256149548160901,-1.6121395317912368,-3.880644727396072,-6.722579109792991,97135
0,-0.5256149548160901,-1.5743003396401187,-3.880644727396072,-6.722579109792991,95787
0,-0.5634541469672082,-1.6121395317912368,-3.91848391954719,-6.760418301944109,103900
0,-0.42135545448087636,-1.2008394285031907,-2.9141315521854487,-4.770633163296186,81406
0,-0.40245565008035433,-1.1819396241026687,-2.8952317477849268,-4.751733358895663,74487
0,-0.4402552588813984,-1.2197392329037127,-2.9330313565859707,-4.789532967696708,87116
0,-0.40245565008035433,-1.1819396241026687,-2.8952317477849268,-4.751733358895663,74487
0,-0.4402552588813984,-1.2197392329037127,-2.9330313565859707,-4.789532967696708,87116
0,-0.3235474395060761,-0.8096073686039897,-2.131667432387047,-3.2057049236993818,62119
0,-0.3046672033988893,-0.7907271324968029,-2.11278719627986,-3.186824687592195,57278
0,-0.3424276756132629,-0.8284876047111766,-2.1505476684942337,-3.2245851598065687,68129
0,-0.3424276756132629,-0.7907271324968029,-2.1505476684942337,-3.186824687592195,68998
0,-0.3046672033988893,-0.8284876047111766,-2.11278719627986,-3.2245851598065687,57203
0,-0.23625244795296163,-1.741165120025515,-1.433307499962131,-5.068820426542432,47028
0,-0.25511333438612116,-1.7223042335923553,-1.4521683863952906,-5.049959540109272,48998
0,-0.2173915615198021,-1.7600260064586746,-1.4144466135289713,-5.087681312975592,47129
0,-0.25511333438612116,-1.7600260064586746,-1.4144466135289713,-5.049959540109272,51084
0,-0.2173915615198021,-1.7223042335923553,-1.4521683863952906,-5.087681312975592,46274
0,-0.1849923576258479,-1.3800190187479788,-2.877891905072275,-6.709143317010072,39480
0,-0.20383410839024743,-1.3988607695123785,-2.8590501543078752,-6.690301566245672,37106
0,-0.16615060686144836,-1.3611772679835792,-2.8967336558366745,-6.727985067774471,42795
0,-0.20383410839024743,-1.3988607695123785,-2.8590501543078752,-6.727985067774471,37258
0,-0.16615060686144836,-1.3611772679835792,-2.8967336558366745,-6.690301566245672,42368
0,-0.515034205416484,-2.040102714329251,-2.2178082094910025,-5.5766282034134615,108277
0,-0.5338570300456527,-2.0589255389584196,-2.198985384861834,-5.59545102804263,112170
0,-0.49621138078731536,-2.0212798897000823,-2.236631034120171,-5.557805378784293,103977
0,-0.49621138078731536,-2.0212798897000823,-2.198985384861834,-5.557805378784293,104366
0,-0.5338570300456527,-2.0589255389584196,-2.236631034120171,-5.59545102804263,112915
0,-0.38768169459266855,-1.530692671033989,-1.524557795774646,-4.557808116822938,77671
0,-0.3688775909003843,-1.5118885673417046,-1.5057536920823615,-4.539004013130653,72372
0,-0.4064857982849528,-1.5494967747262733,-1.5433618994669303,-4.576612220515222,85944
0,-0.4064857982849528,-1.5118885673417046,-1.5057536920823615,-4.539004013130653,83976
0,-0.3688775909003843,-1.5494967747262733,-1.5433618994669303,-4.576612220515222,72197
0,-0.29168488175489815,-1.0961604527088804,-1.0900255774495373,-3.6887436801727205,53385
